{"cameraMode":{"drawMode":0,"name":"Shaded","section":"Shading Mode"},"sceneLighting":true,"audioPlay":false,"sceneViewState":{"m_AlwaysRefresh":false,"showFog":true,"showSkybox":true,"showFlares":true,"showImageEffects":true,"showParticleSystems":true,"showVisualEffectGraphs":true,"m_FxEnabled":true},"in2DMode":false,"pivot":{"x":0.5791495442390442,"y":1.324710726737976,"z":-0.7984689474105835},"rotation":{"x":-0.3310782313346863,"y":0.14168590307235719,"z":-0.050382014364004138,"w":-0.9317834973335266},"size":0.16506384313106538,"orthographic":false}