{"cameraMode":{"drawMode":0,"name":"Shaded","section":"Shading Mode"},"sceneLighting":false,"audioPlay":false,"sceneViewState":{"m_AlwaysRefresh":false,"showFog":false,"showSkybox":false,"showFlares":false,"showImageEffects":false,"showParticleSystems":false,"showVisualEffectGraphs":true,"m_FxEnabled":true},"in2DMode":false,"pivot":{"x":-0.022563904523849489,"y":0.9064064025878906,"z":-0.05940699577331543},"rotation":{"x":-0.10887489467859268,"y":0.1835467517375946,"z":-0.020611973479390146,"w":-0.9769983887672424},"size":1.1524673700332642,"orthographic":false}